{"Usernames": [{"name": "test3", "PIP": [[0.0014059957241775649, -2.1293954816682343, 806.0699128881023], [0.0012639534378664796, -0.6465838509316767, 82.43543413108634], [0.0007719553174098624, -0.30428662246844035, 28.68240850059028], [0.001409363691688115, -0.7702495823628691, 105.2141715613684], [0.0014135036294585074, -2.373423367581308, 994.7163904436273]], "MPCx": [[-0.0001186338130093875, -0.23270022421790099, 362.20605506981394], [-0.0005138637733574473, 0.15935352622061755, 90.29546413502052], [-0.00016030508588977843, -0.07073672842631004, 125.12959400627733], [-0.0019449181912044847, 1.5282131774139032, -219.1569193071003], [-0.0037617351072550403, 3.0788949615740213, -544.5010488462708]], "MPCz": [542.0, 539.0, 485.0, 477.0, 474.0, 337.0, 910.0], "wrist": [-0.0015541964901034063, 2.2859050165381936, -764.8890724313663]}]}