{"Usernames": [{"name": "test", "PIP": [[0.001621972318339089, -2.5594723183390844, 1007.8368295847697], [0.0001726889485724639, 0.14320518875285806, -47.05414655586596], [0.00013078962053571453, 0.1030622209821426, -18.402099609374957], [0.00043331015658946395, -0.011248009481468705, -25.30775051445524], [-0.00015571675122951392, -0.21243657786486353, 269.1465554156988]], "MPCx": [[6.983232358046186e-06, -0.08998818482138138, 84.74975789583944], [-6.625588020936836e-05, -0.2792022792022798, 187.7930166302262], [0.0007230093995064351, -0.9285163360419632, 297.8778873626928], [0.0028115159694106907, -3.4874044084570652, 1080.9542285200346], [0.0071048124517719535, -7.641813938606873, 2018.8247416859545]], "MPCz": [540.0, 531.0, 489.0, 473.0, 463.0, 350.0, 916.0], "wrist": [-0.0002095040914916689, 0.11273784876269327, 55.78316326530617]}, {"name": "test2", "PIP": [[0.00022853590756179704, -0.6100537516454596, 340.55232558139556], [0.0005547337278106511, -0.07544378698224949, -15.809911242603187], [0.0004897685340489763, -0.10087219054008695, 4.627024488426666], [0.0009826283928303637, -0.40544668155736807, 39.39681612615566], [0.0010198135198135254, -1.8578088578088672, 830.4546911421943]], "MPCx": [[-0.00020047370684158733, 0.008128037701957455, 223.98656537811692], [0.00710721876366052, -7.37618516452876, 1886.4437075112003], [0.002290189125295504, -2.569296690307325, 706.2884160756493], [0.0036471562840731577, -4.224739445327745, 1223.3633024505461], [0.0007692307692307689, -1.1184615384615375, 386.8684615384612]], "MPCz": [549.0, 536.0, 489.0, 465.0, 463.0, 332.0, 918.0], "wrist": [-0.0003535605767121465, 0.34397243394368704, -31.374440487471976]}, {"name": "test3", "PIP": [[0.0014059957241775649, -2.1293954816682343, 806.0699128881023], [0.0012639534378664796, -0.6465838509316767, 82.43543413108634], [0.0007719553174098624, -0.30428662246844035, 28.68240850059028], [0.001409363691688115, -0.7702495823628691, 105.2141715613684], [0.0014135036294585074, -2.373423367581308, 994.7163904436273]], "MPCx": [[-0.0001186338130093875, -0.23270022421790099, 362.20605506981394], [-0.0005138637733574473, 0.15935352622061755, 90.29546413502052], [-0.00016030508588977843, -0.07073672842631004, 125.12959400627733], [-0.0019449181912044847, 1.5282131774139032, -219.1569193071003], [-0.0037617351072550403, 3.0788949615740213, -544.5010488462708]], "MPCz": [542.0, 539.0, 485.0, 477.0, 474.0, 337.0, 910.0], "wrist": [-0.0015541964901034063, 2.2859050165381936, -764.8890724313663]}, {"name": "test4", "PIP": [[0.0008493005170962433, -1.405366877780894, 580.9135266765539], [0.0004133597883597868, 0.029761904761906006, -38.16964285714315], [0.0003036573373928532, 0.02399591028248126, -11.856520628300036], [0.0005180005180005171, -0.03185703185703104, -32.99533799533816], [0.0006326855066350949, -1.3360857856656279, 660.9845559845592]], "MPCx": [[-0.0008433125316241921, 1.0760667903524552, -218.26530612242732], [0.001482987844920507, -1.7839066004187913, 536.3364276023126], [0.0006010167789743131, -0.8383830527409911, 292.0967000643444], [0.0020140287519966743, -2.4725328147788117, 756.8142232099472], [0.0007378376637288053, -1.144183966525397, 409.9897901245124]], "MPCz": [553.0, 533.0, 488.0, 467.0, 469.0, 349.0, 911.0], "wrist": [-0.0009301089556205297, 1.3025511559925804, -409.4525644432714]}, {"name": "test5", "PIP": [[0.000737363911081668, -1.3292730885457562, 593.3243340439601], [0.0003970660429120093, 0.08074879436310693, -64.83474833232285], [3.70146962053079e-05, 0.20686279885939926, -30.77333982232949], [1.1945071781917143e-05, 0.35501947843038684, -96.00316305500817], [-0.0013634276091698872, 1.3833767078724797, -246.5283784300974]], "MPCx": [[-0.42536630036827433, 824.8740842529187, -398688.0192326265], [-0.0006277056277056314, 0.2429870129870164, 81.20484848484769], [0.0010799774455236648, -1.5126050420168078, 529.5603696023868], [0.003613238907356583, -4.606156959098169, 1467.3334296863816], [0.0040768782760630074, -4.7629586488061815, 1391.0541642399896]], "MPCz": [542.0, 534.0, 485.0, 470.0, 473.0, 347.0, 922.0], "wrist": [-0.0004897685340489798, 0.5700704461590116, -120.31778597786155]}, {"name": "test5", "PIP": [[0.00029045450320661624, -0.7666837066641863, 417.49604981875575], [0.001057873602095601, -0.5189409749708586, 62.99507764936269], [0.0010089328304684008, -0.5269409087945327, 65.03086854017053], [0.0025069092865702886, -1.8089490547117544, 322.747205713305], [0.003100809289232894, -4.654842540464435, 1744.5682178043623]], "MPCx": [[-0.000308822939686743, 0.009112404294823169, 336.3701726538234], [-0.00048295929587384814, 0.09759419764784487, 102.6480674027496], [0.0005630583311623384, -0.8589076668375454, 320.2703436336592], [6.974031243659631e-05, -0.49887147494420464, 268.3901399878264], [-0.0007606729327675773, 0.32126675555014617, 59.702065157860424]], "MPCz": [555.0, 545.0, 489.0, 469.0, 468.0, 366.0, 897.0], "wrist": [-0.00036759933801697284, 0.3775042388006449, -50.19274881151414]}]}