{"Usernames": [{"name": "test", "PIP": [[0.001621972318339089, -2.5594723183390844, 1007.8368295847697], [0.0001726889485724639, 0.14320518875285806, -47.05414655586596], [0.00013078962053571453, 0.1030622209821426, -18.402099609374957], [0.00043331015658946395, -0.011248009481468705, -25.30775051445524], [-0.00015571675122951392, -0.21243657786486353, 269.1465554156988]], "MPCx": [[6.983232358046186e-06, -0.08998818482138138, 84.74975789583944], [-6.625588020936836e-05, -0.2792022792022798, 187.7930166302262], [0.0007230093995064351, -0.9285163360419632, 297.8778873626928], [0.0028115159694106907, -3.4874044084570652, 1080.9542285200346], [0.0071048124517719535, -7.641813938606873, 2018.8247416859545]], "MPCz": [540.0, 531.0, 489.0, 473.0, 463.0, 350.0, 916.0], "wrist": [-0.0002095040914916689, 0.11273784876269327, 55.78316326530617]}, {"name": "test2", "PIP": [[0.00022853590756179704, -0.6100537516454596, 340.55232558139556], [0.0005547337278106511, -0.07544378698224949, -15.809911242603187], [0.0004897685340489763, -0.10087219054008695, 4.627024488426666], [0.0009826283928303637, -0.40544668155736807, 39.39681612615566], [0.0010198135198135254, -1.8578088578088672, 830.4546911421943]], "MPCx": [[-0.00020047370684158733, 0.008128037701957455, 223.98656537811692], [0.00710721876366052, -7.37618516452876, 1886.4437075112003], [0.002290189125295504, -2.569296690307325, 706.2884160756493], [0.0036471562840731577, -4.224739445327745, 1223.3633024505461], [0.0007692307692307689, -1.1184615384615375, 386.8684615384612]], "MPCz": [549.0, 536.0, 489.0, 465.0, 463.0, 332.0, 918.0], "wrist": [-0.0003535605767121465, 0.34397243394368704, -31.374440487471976]}, {"name": "test3", "PIP": [[0.0014059957241775649, -2.1293954816682343, 806.0699128881023], [0.0012639534378664796, -0.6465838509316767, 82.43543413108634], [0.0007719553174098624, -0.30428662246844035, 28.68240850059028], [0.001409363691688115, -0.7702495823628691, 105.2141715613684], [0.0014135036294585074, -2.373423367581308, 994.7163904436273]], "MPCx": [[-0.0001186338130093875, -0.23270022421790099, 362.20605506981394], [-0.0005138637733574473, 0.15935352622061755, 90.29546413502052], [-0.00016030508588977843, -0.07073672842631004, 125.12959400627733], [-0.0019449181912044847, 1.5282131774139032, -219.1569193071003], [-0.0037617351072550403, 3.0788949615740213, -544.5010488462708]], "MPCz": [542.0, 539.0, 485.0, 477.0, 474.0, 337.0, 910.0], "wrist": [-0.0015541964901034063, 2.2859050165381936, -764.8890724313663]}, {"name": "thomas", "PIP": [[0.000558719024203434, -1.0111448580467417, 452.23750828421686], [0.0006337312143961394, -0.22521135980611967, 15.920846274914979], [0.0004214559386973179, -0.11467432950191551, 7.47111111111107], [0.000533813033813032, -0.1533798408798406, 1.240435240435555], [-0.0049282680808806194, 5.923065139766282, -1687.2658201102806]], "MPCx": [[-0.001818754087484851, 2.6599608355337088, -892.5509580970424], [0.0024017871611454397, -2.491116281223221, 641.4172859226305], [0.0019171413271019014, -1.948346234360554, 461.68050240981586], [0.003192256765163678, -3.2961851472613817, 838.3158500541027], [0.00020532777605072116, -0.5482232431042489, 243.88396486016606]], "MPCz": [519.0, 531.0, 487.0, 473.0, 466.0, 333.0, 934.0], "wrist": [-0.00033900012397718626, 0.33394417927101144, -34.706939235679855]}]}