{"Usernames": [{"name": "test3", "PIP": [[0.0015756302521008367, -2.4705882352941155, 968.4690126050419], [0.00026181251836790057, 0.08405524467908987, -39.55288985823348], [0.00031562236981358475, 0.01354051216239887, -8.286962191981777], [0.0006490384615384612, -0.16399038461538523, -1.7638701923073148], [0.0019328963256856986, -3.103750215628774, 1243.9985915128523]], "MPCx": [[-0.0048977634688498455, 8.763708600199221, -3839.622392711844], [0.0010297378997070144, -1.3169649609863108, 413.7305367901492], [0.0006811466675277726, -1.0367960475329383, 383.0122677037589], [-0.0007503001200480172, 0.021758703481390435, 238.08673469387807], [-1.7986663666607587e-19, -0.489130434782609, 277.82608695652186]], "MPCz": [573.0, 532.0, 492.0, 465.0, 465.0, 377.0, 899.0], "wrist": [-0.0001924024576973043, 0.08898470084576651, 62.89835062275231]}, {"name": "test accuracy", "PIP": [[-0.0002711515453859296, 0.021334614793959344, 161.03969298487795], [9.168832257523556e-05, 0.22337895045687098, -63.19389722524962], [6.289597529818789e-05, 0.17649134801799082, -25.359809238836434], [0.00036266099303690835, 0.06813760069175856, -41.71966731898253], [0.0027617002738362, -4.424982885237744, 1772.159338436646]], "MPCx": [[-0.0020598806262267853, 0.016950885199956824, 2138.384056324936], [0.0003159381504608965, -0.6138864109426102, 249.5248104371098], [0.0007416042591503518, -0.9766147456947901, 321.4824018610365], [0.001438486711978993, -1.9281116265688436, 637.9661596000992], [0.002244889337517197, -2.4819779654785856, 684.601654611527]], "MPCz": [542.0, 536.0, 505.0, 502.0, 485.0, 353.0, 907.0], "wrist": [-0.000532236305893594, 0.6362489811978292, -144.67721536775215]}, {"name": "test precision", "PIP": [[0.001447786701614237, -2.271258556109456, 890.7305788490243], [-0.00019090776248245376, 0.4583836790361279, -104.1128492708594], [-5.6543943691278676e-05, 0.28327384910456976, -36.1385236150126], [-0.0001827485380116967, 0.5288742690058493, -122.10763888888933], [0.00015289657203707314, 0.022761731462738504, -115.79594792376764]], "MPCx": [[-0.002777923830555537, 4.7126645284542406, -1913.8779641412332], [-0.0003698832812756874, -0.06275686338977389, 145.00041098142353], [0.0001450103993172079, -0.4418052551768718, 220.00410172272376], [9.128529698150192e-05, -0.6605404089581326, 350.740293330088], [0.001523859282479965, -1.9405259491466333, 607.3545802856135]], "MPCz": [553.0, 529.0, 495.0, 461.0, 461.0, 375.0, 901.0], "wrist": [-0.0002954791687186057, 0.26231163202994257, -8.51644834039227]}, {"name": "tst3", "PIP": [[-0.0002943850317370292, 0.02185669639201991, 170.92106319808278], [0.00016073531046695028, 0.23067526243388023, -58.528146762054035], [0.0001643655489809343, 0.1556541748849438, -23.211374095989434], [8.434547908232402e-05, 0.32371794871794773, -84.00877192982458], [0.013069358178052909, -23.34265010351808, 10292.068711179445]], "MPCx": [[-1.469230769250274, 2966.115384654805, -1496743.430789145], [0.00020614312624143776, -0.5110425528276101, 246.53310628067686], [0.00035361402537999176, -0.626788226944899, 269.44284426822037], [0.00034824911062534923, -0.8401107967939655, 385.7737559470232], [0.0006428291937617647, -1.0951853025023783, 415.7621345655782]], "MPCz": [552.0, 540.0, 490.0, 477.0, 476.0, 374.0, 900.0], "wrist": [-0.00042647080233923154, 0.43996334960744343, -66.97701700087153]}]}